City,Lat,Lng,Max Temp,Humidity,Cloudiness,Wind Speed,Country,Date
Ushuaia,-54.8061,-68.3185,35.29,80,40,1.14,AR,1659622809
Asunción,-25.28,-57.6344,68.14,77,75,12.66,PY,1659622810
Broome,-17.9567,122.224,64.29,88,9,3.44,AU,1659622811
Georgetown,6.8137,-58.1624,79.09,100,75,2.3,GY,1659622811
Bredasdorp,-34.5331,20.0428,65.79,52,65,4.27,ZA,1659622812
Boroko,-9.4743,147.16,77.95,89,20,2.3,PG,1659622813
Cockburn Town,21.4608,-71.14,82.02,76,6,18.41,TC,1659622813
Barrow,71.2906,-156.7886,48.34,74,100,11.18,US,1659622814
Bluff,-46.6014,168.3399,57.92,79,100,15.37,NZ,1659622815
Mugumu,-1.8336,34.6607,76.91,37,91,1.28,TZ,1659622816
Cornwall,46.2239,-63.2572,76.24,68,75,11.5,CA,1659622816
Tegul'det,57.3064,88.1672,52.77,90,97,2.89,RU,1659622817
Puerto Ayora,-0.7472,-90.3134,72.21,78,98,1.99,EC,1659622817
Hibbing,47.4272,-92.9377,64.56,77,0,3.44,US,1659622683
Williamsburg,37.2104,-76.7739,87.44,83,0,3.44,US,1659622819
Busselton,-33.6445,115.3489,52.03,74,100,7.74,AU,1659622819
Isangel,-19.5411,169.2811,73.92,89,7,5.37,VU,1659622820
Maniitsoq,65.4175,-52.8968,43.11,93,100,31.43,GL,1659622820
Los Llanos de Aridane,28.6593,-17.9152,75.13,76,40,16.11,ES,1659622821
Saint-Leu,-21.1678,55.2882,71.71,79,71,4.99,RE,1659622822
Atuona,-9.7793,-139.0619,67.39,74,3,20.04,PF,1659622822
Punta Arenas,-53.1626,-70.9078,37.69,93,75,4.61,CL,1659622823
Kamaishi,39.2757,141.8858,67.64,90,100,4.56,JP,1659622824
Thompson,55.7435,-97.8558,57.36,62,20,8.05,CA,1659622741
Pangnirtung,66.148,-65.7173,53.85,66,40,9.22,CA,1659622825
Vaini,-21.1926,-175.1773,75.49,88,40,6.91,TO,1659622825
Chokurdakh,70.6194,147.9024,45.23,70,100,12.86,RU,1659622826
Qaanaaq,77.4686,-69.2223,42.3,63,10,3.62,GL,1659622826
Castro,45.803,10.0671,97.2,49,14,7.0,IT,1659622827
Krasnyy Bor,59.7035,30.7861,83.88,31,60,7.76,RU,1659622828
Vila Velha,-20.3297,-40.292,82.35,63,20,13.8,BR,1659622828
Ribeira Grande Municipality,37.8225,-25.5195,77.34,83,40,11.5,PT,1659622829
Coburg,50.2581,10.9645,98.96,27,50,1.99,DE,1659622830
St. George's,12.0535,-61.7518,83.28,79,20,23.02,GD,1659622830
Sovetsk,55.081,21.8883,81.88,46,3,9.53,RU,1659622831
Musoma,-1.4998,33.8083,75.74,58,26,9.22,TZ,1659622831
Mahébourg,-20.4111,57.7061,71.98,73,40,11.5,MU,1659622832
Port Alfred,-33.5982,26.8915,62.06,85,67,5.01,ZA,1659622833
Balclutha,-46.2817,169.8464,44.33,87,100,5.26,NZ,1659622833
New Norfolk,-42.7802,147.0615,47.95,57,100,2.71,AU,1659622834
East London,-33.0192,27.8999,66.54,69,75,12.01,ZA,1659622835
Altay,47.8258,88.1292,72.32,38,29,6.02,CN,1659622835
Tessalit,20.202,1.0125,106.09,10,0,9.51,ML,1659622836
Rikitea,-23.123,-134.968,68.95,81,100,17.02,PF,1659622837
Saldanha,-32.9978,17.9456,61.07,66,50,10.87,ZA,1659622837
Dingle,52.1408,-10.2689,59.68,65,8,14.52,IE,1659622838
Tasiilaq,65.6153,-37.6378,41.5,78,100,2.8,GL,1659622838
Limanancong,11.0055,119.3061,82.58,77,100,6.04,PH,1659622839
Kashechewan,52.9244,-82.427,62.6,59,0,10.36,CA,1659622840
Portland,45.5203,-122.6742,61.61,82,80,5.99,US,1659622450
Asău,46.4389,26.4008,79.68,53,89,5.59,RO,1659622841
Bethel,60.7922,-161.7558,48.54,95,100,14.97,US,1659622841
Porbandar,21.6409,69.611,84.33,72,97,9.93,IN,1659622842
Fairbanks,64.8378,-147.7167,48.16,90,0,4.61,US,1659622843
Albany,42.6512,-73.755,89.26,62,20,9.22,US,1659622843
Yatou,37.1649,122.4823,78.69,96,39,8.28,CN,1659622844
Rørvik,64.8616,11.2379,55.38,87,75,4.61,NO,1659622844
Saskylakh,71.965,114.0939,53.83,62,93,5.77,RU,1659622845
Tual,-5.6443,132.7417,80.37,86,100,10.78,ID,1659622846
Melville,50.9307,-102.8073,63.68,70,6,13.04,CA,1659622846
Kantunilkín,20.8581,-87.6685,79.43,89,100,3.36,MX,1659622847
Bonavista,48.6542,-53.1103,61.92,87,77,4.68,CA,1659622847
Entuziastov,71.4404,136.1306,39.45,87,64,6.98,RU,1659622848
Gore,-46.1927,168.8643,57.47,93,100,5.28,NZ,1659622849
Shingū,33.7241,135.993,79.93,82,62,4.07,JP,1659622849
São Sebastião,-23.8028,-45.4071,79.27,59,67,3.89,BR,1659622850
Novska,45.3809,17.0263,94.69,20,0,3.89,HR,1659622850
Dikson,73.5084,80.5124,48.97,99,100,13.22,RU,1659622851
Coxim,-18.5049,-54.745,87.21,23,100,4.59,BR,1659622852
Kopervik,59.2836,5.3067,58.98,87,75,13.8,NO,1659622852
Turukhansk,65.7934,87.9589,62.26,57,6,3.83,RU,1659622853
Kokoda,-8.8784,147.7365,72.84,94,68,0.58,PG,1659622854
Kumul,42.8174,93.5142,93.13,14,87,8.39,CN,1659622854
Bukachacha,52.9884,116.9117,58.68,91,38,5.91,RU,1659622855
Taoudenni,22.6762,-3.9805,109.08,17,6,4.47,ML,1659622855
Honiton,50.7852,-3.1883,72.91,49,0,11.5,GB,1659622856
Carthage,40.3278,-91.2001,76.01,90,54,0.56,US,1659622857
Santa Vitória do Palmar,-33.5196,-53.3693,53.98,94,100,12.62,BR,1659622857
Port Elizabeth Airport,-33.9617,25.6208,64.51,59,20,13.0,ZA,1659622858
Hobart,-42.8825,147.3281,48.02,77,100,2.3,AU,1659622731
Tablado,43.1118,-3.907,69.49,61,54,8.86,ES,1659622859
Sisimiut,66.9372,-53.6665,43.32,91,100,4.38,GL,1659622860
Chuí,-33.6938,-53.4561,54.27,95,100,12.77,BR,1659622860
Pitimbu,-7.4728,-34.8112,79.16,72,41,15.52,BR,1659622861
Guerrero Negro,27.971,-114.0364,69.76,84,2,12.66,MX,1659622862
Kokstad,-30.8249,28.9218,64.04,38,98,8.81,ZA,1659622862
Ancud,-41.8682,-73.8287,42.6,77,100,2.91,CL,1659622863
Fengyi,31.6835,103.8502,70.57,95,96,1.28,CN,1659622863
Nsoko,-27.0741,31.929,82.98,31,81,5.82,SZ,1659622864
Río Cauto,20.5592,-76.9165,82.6,66,69,7.16,CU,1659622865
Dezful,32.378,48.4032,120.96,7,0,12.3,IR,1659622865
Mathis,27.9695,-97.7732,87.1,62,60,15.21,US,1659622866
Setermoen,68.8615,18.3464,61.95,77,100,3.0,NO,1659622866
Ciutat Vella,41.3829,2.1774,99.39,59,0,12.66,ES,1659622867
Port Hardy,50.7244,-127.4976,55.38,88,75,4.61,CA,1659622868
Quatre Cocos,-20.2095,57.7706,71.85,70,17,15.57,MU,1659622868
Wuwei,37.9289,102.636,76.26,63,0,5.19,CN,1659622869
Katsuura,35.1522,140.3207,76.01,93,100,11.52,JP,1659622869
Hilo,19.7074,-155.0816,76.19,82,0,4.61,US,1659622870
Alta Floresta,-9.8715,-56.084,91.31,35,0,6.91,BR,1659622871
Avarua,-21.2075,-159.7708,73.38,73,75,14.97,CK,1659622871
Nybyen,78.0654,14.2172,51.4,89,100,0.29,SJ,1659622872
Hermanus,-34.4175,19.2361,65.84,67,46,17.29,ZA,1659622872
Yefremov,53.1793,37.7767,79.21,58,100,8.19,RU,1659622873
Bandar-e Anzali,37.4716,49.4686,87.94,57,0,6.67,IR,1659622874
Lower Shabeelle,1.4923,44.1066,80.11,60,89,17.47,SO,1659622875
Svartnes,70.3308,30.9618,63.28,82,0,8.05,NO,1659622876
Reine,67.889,13.0167,57.27,77,100,21.3,NO,1659622876
Kurchum,48.5656,83.6526,76.59,36,37,9.15,KZ,1659622877
Huai'an,33.538,119.1325,86.27,73,83,4.92,CN,1659622877
Kavī Mehdīyeh,31.5997,55.3967,100.38,10,0,16.6,IR,1659622878
Erechim,-27.6351,-52.2739,70.7,56,96,11.52,BR,1659622879
Mashhad,36.2975,59.6059,89.74,29,20,16.11,IR,1659622879
Paracuru,-3.4144,-39.03,81.01,58,25,11.81,BR,1659622880
Cooma,-36.2356,149.1264,44.28,81,75,18.41,AU,1659622880
Longyearbyen,78.2232,15.6464,52.07,76,75,8.05,SJ,1659622881
Upernavik,72.7847,-56.147,43.92,66,100,3.27,GL,1659622882
Norman Wells,65.2824,-126.8327,57.24,88,40,0.0,CA,1659622882
Butaritari,2.9205,172.9189,81.57,76,100,11.63,KI,1659622883
Lajoskomárom,46.8418,18.3372,88.48,16,0,3.8,HU,1659622883
Pevek,69.7028,170.2747,34.57,97,100,6.11,RU,1659622884
Lebu,-37.61,-73.6559,49.19,79,100,3.65,CL,1659622885
Husavik,66.0433,-17.341,43.9,94,100,14.43,IS,1659622885
Tourlaville,49.6401,-1.5707,67.55,72,85,13.8,FR,1659622886
Pendolo,-1.9758,121.0572,71.37,95,57,0.56,ID,1659622886
Bambous Virieux,-20.3472,57.7647,72.16,73,40,11.5,MU,1659622887
Esperance,-33.8582,121.8932,49.71,75,58,22.84,AU,1659622888
Kavieng,-2.5735,150.7952,82.35,76,89,13.87,PG,1659622888
Arraial do Cabo,-22.9663,-42.0244,76.98,73,0,16.11,BR,1659622889
Mahibadhoo,3.7572,72.9696,81.68,78,100,18.66,MV,1659622890
Urochishche Kelyuke,68.8929,-179.4131,35.02,96,100,21.05,RU,1659622890
Tiksi,71.6366,128.8685,44.29,73,4,7.36,RU,1659622891
Yellowknife,62.4541,-114.3774,57.38,58,75,4.61,CA,1659622891
Saint-Philippe,45.3584,-73.479,76.15,77,100,10.36,CA,1659622892
Ostrovnoy,68.0544,39.5129,66.18,67,99,23.82,RU,1659622893
Mildura,-34.1847,142.1625,50.07,64,2,11.74,AU,1659622838
Talparo,10.443,-61.2613,79.79,83,40,3.44,TT,1659622894
Chama,-11.2164,33.1586,81.88,29,16,11.86,ZM,1659622894
Isthmia,37.9053,23.0114,89.01,28,0,19.08,GR,1659622895
Marrakesh,31.6258,-7.9892,103.95,18,20,5.75,MA,1659622896
Severo-Kuril'sk,50.6683,156.1154,51.69,91,25,8.3,RU,1659622896
Cabo San Lucas,22.8939,-109.9201,87.31,68,5,7.83,MX,1659622897
Leh,34.1642,77.5848,71.37,26,36,8.37,IN,1659622897
Necochea,-38.5545,-58.7393,48.92,73,100,5.66,AR,1659622898
Camacha,32.6794,-16.8449,71.6,68,20,23.02,PT,1659622899
Roald,62.5838,6.1242,59.16,88,75,8.05,NO,1659622900
Bumba,2.1837,22.4665,85.21,56,70,2.68,CD,1659622900
Hangu,47.0657,26.0406,78.93,53,88,5.97,RO,1659622901
Tarakan,3.3416,117.5986,82.15,74,98,8.21,ID,1659622901
Bhopal,23.2585,77.402,76.98,94,75,2.3,IN,1659622902
Chernyshevskiy,63.0156,112.4642,52.61,89,100,3.24,RU,1659622903
Nhulunbuy,-12.1804,136.776,78.94,83,100,5.75,AU,1659622903
Kuala Terengganu,5.3296,103.1383,80.53,94,40,2.3,MY,1659622904
Muquiçaba,-20.6719,-40.4985,78.93,54,0,10.89,BR,1659622905
Ulladulla,-35.3622,150.4752,60.33,82,67,7.63,AU,1659622905
Marsella,4.902,-75.7013,68.76,88,40,4.61,CO,1659622906
Petropavlovsk-Kamchatskiy,53.02,158.6471,51.91,86,95,9.28,RU,1659622906
Krasnozerskoye,54.1291,79.2367,66.15,50,0,8.68,RU,1659622907
Nuevo Laredo,27.4762,-99.5186,82.67,69,0,20.71,MX,1659622908
Ainaro,-8.9266,125.4092,57.31,92,70,1.68,TL,1659622908
Cape Town,-33.93,18.42,61.93,70,75,14.97,ZA,1659622888
Kaspiysk,42.8881,47.6425,87.98,33,0,7.0,RU,1659622909
Belconnen,-35.1702,149.0667,51.73,93,100,18.41,AU,1659622910
Gereshk,31.8209,64.57,102.02,8,0,8.88,AF,1659622911
Ulaanbaatar Hot,47.9491,107.0223,58.12,77,100,3.18,MN,1659622911
Komsomol'skiy,43.9827,46.695,93.38,20,0,16.35,RU,1659622912
Port Blair,11.6645,92.739,78.22,89,100,5.75,IN,1659622912
Ulaangom,49.98,92.0689,69.91,51,59,7.23,MN,1659622913
Haines Junction,60.7527,-137.51,49.95,93,99,0.0,CA,1659622914
St John's,17.6405,-61.8255,81.25,77,100,22.37,AG,1659622914
Marks,51.707,46.7484,83.34,38,67,10.58,RU,1659622915
Tromsø,69.6516,18.9558,62.51,67,75,11.5,NO,1659622915
Gorgan,36.8393,54.4321,89.56,52,20,11.5,IR,1659622916
Seoul,37.5667,126.9783,80.04,94,40,4.61,KR,1659622917
Tahara,34.6391,137.1832,78.64,73,69,6.78,JP,1659622917
St Louis,38.6417,-90.2308,76.05,96,75,1.01,US,1659622918
Port-Gentil,-0.7149,8.7797,82.38,65,20,16.11,GA,1659622918
Narsaq,60.9127,-46.0453,50.25,94,100,3.09,GL,1659622919
Verkhnyaya Toyma,62.2354,45.0008,78.62,44,77,5.14,RU,1659622920
Nogliki,51.7954,143.1365,55.89,96,100,4.99,RU,1659622920
Kazachinskoye,57.6944,93.281,50.34,95,97,6.71,RU,1659622921
Torbat-e Jām,35.2433,60.6263,87.21,14,0,22.3,IR,1659622922
Pelabuhanratu,-6.9882,106.5504,77.74,89,41,3.83,ID,1659622923
Biltine,14.5252,20.9287,88.81,46,99,2.13,TD,1659622923
Grindavik,63.8442,-22.4317,53.92,58,20,14.97,IS,1659622924
Tuktoyaktuk,69.4465,-133.034,51.8,93,75,4.61,CA,1659622925
San Cristobal,7.7757,-72.2214,75.07,62,100,5.5,VE,1659622925
Buraidah,26.3317,43.9717,113.43,30,75,13.8,SA,1659622926
Erenhot,43.6408,111.9435,81.18,33,0,9.51,CN,1659622927
São João da Barra,-21.6349,-41.0487,78.91,70,9,9.73,BR,1659622927
Anlu,31.1655,112.585,85.17,74,0,3.98,CN,1659622928
Sitka,57.0525,-135.3376,57.02,88,100,5.75,US,1659622928
Kutum,14.2108,24.6496,85.03,40,100,11.27,SD,1659622929
Englehart,47.8256,-79.8734,62.46,88,100,9.22,CA,1659622930
Wasta,44.0694,-102.4459,82.15,46,2,8.99,US,1659622930
Miguel Ahumada,30.6128,-106.5124,75.24,60,1,3.91,MX,1659622931
Niono,14.2515,-5.9784,92.07,42,100,5.32,ML,1659622932
Kapaa,22.0747,-159.3192,77.32,88,20,8.05,US,1659622932
Port-Cartier,50.0187,-66.8757,64.83,93,100,5.64,CA,1659622933
Departamento del Vichada,4.4471,-69.7976,71.74,99,100,4.03,CO,1659622933
Khatanga,71.9819,102.4715,58.78,62,100,5.08,RU,1659622934
Dhidhdhoo,6.889,73.1134,79.68,79,100,26.19,MV,1659622935
Bilyarsk,54.8464,50.8055,76.06,59,66,2.59,RU,1659622935
Gialo,29.0331,21.5482,98.58,17,0,14.32,LY,1659622936
Olehsari,-8.2106,114.3178,69.84,86,23,2.89,ID,1659622936
Madifushi,1.7959,73.3876,82.08,75,100,15.28,MV,1659622937
Kruisfontein,-34.012,24.7433,61.9,66,85,8.12,ZA,1659622938
Lubumbashi,-11.7055,27.4726,80.92,25,1,7.34,CD,1659622938
Christchurch,-43.531,172.6366,48.43,77,0,5.75,NZ,1659622939
Taunoa,-17.7594,-149.3769,73.08,80,88,28.27,PF,1659622939
Choma,-17.0237,26.4899,80.08,20,0,9.26,ZM,1659622940
Ṭikāpur,28.4499,81.2433,85.01,78,100,3.11,NP,1659622941
Touros,-5.1999,-35.4595,80.91,75,16,14.34,BR,1659622941
Pacific Grove,36.6242,-121.9237,61.18,94,100,3.0,US,1659622521
Al Khālidīyah,24.6389,46.716,109.78,16,76,11.77,SA,1659622942
Leknes,68.1301,13.8492,57.15,72,75,17.27,NO,1659622943
Yevpatoriya,45.4621,33.5722,84.47,42,77,8.08,UA,1659622944
Montoro,38.0216,-4.3827,101.82,15,0,8.93,ES,1659622944
Bilibino,68.055,166.4449,46.44,92,100,2.59,RU,1659622945
Anadyr,64.7317,177.5061,51.67,87,0,8.95,RU,1659622946
Cidreira,-30.1657,-50.2183,63.48,90,100,8.1,BR,1659622946
Ibrā’,22.6896,58.547,101.43,26,18,12.37,OM,1659622947
Atar,20.5182,-13.0544,98.15,28,3,10.49,MR,1659622947
Örnsköldsvik,63.2889,18.716,72.73,64,100,12.66,SE,1659622948
Colchester,51.8897,0.8995,79.11,50,100,9.28,GB,1659622949
Salmās,37.9899,44.7712,87.03,21,0,11.25,IR,1659622949
Bandarbeyla,9.4953,50.8128,80.01,70,66,33.96,SO,1659622950
Mabaruma,8.2037,-59.7849,75.2,97,100,4.7,GY,1659622951
Zyryanka,65.7336,150.8933,50.13,95,100,9.48,RU,1659622951
Dunedin,-45.8741,170.5036,49.55,75,100,7.76,NZ,1659622952
Ilulissat,69.2197,-51.0986,48.49,93,75,13.8,GL,1659622952
Temaiku Village,0.2133,173.4323,80.22,81,100,10.45,KI,1659622953
Cap Malheureux,-19.986,57.6196,72.07,68,2,7.0,MU,1659622954
Ponta do Sol,32.6811,-17.1041,80.4,67,0,6.06,PT,1659622954
Safotu,-13.4518,-172.3319,79.45,82,58,22.17,WS,1659622955
Wilmington,39.7459,-75.5466,90.28,68,0,6.91,US,1659622955
Port Lincoln,-34.7284,135.8563,53.65,82,55,24.05,AU,1659622956
Padang,-0.9248,100.3633,77.04,88,100,2.3,ID,1659622957
Funafuti,-7.4769,178.6808,80.8,79,18,17.54,TV,1659622957
Pisco,-13.71,-76.203,62.49,72,75,3.44,PE,1659622958
Il’inskiy,55.6181,38.1003,86.45,37,0,7.0,RU,1659622959
Zaural'skiy,54.8657,61.175,71.37,62,100,4.7,RU,1659622959
Fortuna,40.5974,-124.156,58.08,95,100,1.99,US,1659622960
Nele,-10.7242,165.7978,79.45,82,3,10.67,SB,1659622960
Baoshan,31.4016,121.4453,88.07,88,0,12.55,CN,1659622961
Moerai,-22.4514,-151.3422,71.4,75,96,27.96,PF,1659622962
Kambaxoi,28.2734,88.5115,49.05,63,66,8.3,CN,1659622962
Río Gallegos,-51.6461,-69.2632,37.47,100,100,12.66,AR,1659622963
Olinda,-7.9986,-34.846,80.62,78,40,9.22,BR,1659622963
Koeru vald,58.9396,25.9708,82.08,40,56,9.33,EE,1659622964
Souillac,44.898,1.4694,100.81,22,5,5.88,FR,1659622965
Knysna,-34.0357,23.0485,63.23,66,25,6.98,ZA,1659622965
Iqaluit,63.7494,-68.5219,46.35,53,75,10.36,CA,1659622966
Bosilegrad,42.4997,22.4733,83.25,29,54,8.03,RS,1659622966
Nouadhibou,20.9127,-17.0503,78.73,73,75,9.22,MR,1659622967
Barabai,-2.6213,115.2268,74.91,89,31,2.17,ID,1659622968
Jiblah,13.9225,44.1458,70.03,64,90,3.98,YE,1659622968
Sept-Îles,50.211,-66.3791,64.74,82,100,6.91,CA,1659622969
Ash Shawati,16.5605,43.89,66.07,84,98,4.47,YE,1659622970
Cayenne,4.9371,-52.3258,87.82,11,75,6.91,GF,1659622970
Gandorhun,7.6244,-11.8332,78.58,85,100,5.93,SL,1659622971
Sayyan,15.1718,44.3254,68.2,50,89,2.8,YE,1659622971
Nanortalik,60.14,-45.2429,44.33,96,100,3.83,GL,1659622972
Mahrīz,31.5842,54.4446,99.3,12,4,5.59,IR,1659622973
Douz,33.4571,9.0249,97.54,27,3,18.37,TN,1659622973
Makakilo,21.3469,-158.0858,72.99,78,0,4.61,US,1659622974
Port Arthur,29.8989,-93.9289,87.82,79,0,4.61,US,1659622975
Falefa,-13.9974,-171.4289,79.0,82,83,23.94,WS,1659622975
Klaksvík,62.2266,-6.5853,51.04,78,75,18.19,FO,1659622976
Xai-Xai,-25.0445,33.6407,79.84,46,4,5.3,MZ,1659622976
Mitsamiouli,-11.3889,43.293,79.07,65,20,8.05,KM,1659622977
Hay River,60.8156,-115.7866,53.62,66,40,6.91,CA,1659622978
Esterhazy,50.6536,-102.0763,63.48,70,4,14.34,CA,1659622978
Linqiong,30.4145,103.4654,84.04,84,99,2.64,CN,1659622979
Poum,-20.2317,164.0299,74.86,83,1,6.31,NC,1659622980
Torbay,47.6577,-52.727,71.73,87,100,5.75,CA,1659622980
Temir,49.1426,57.126,83.34,28,54,15.59,KZ,1659622981
Linhares,-19.3817,-40.0612,81.72,44,5,6.15,BR,1659622981
Plácido de Castro,-10.3239,-67.1824,89.8,47,8,4.47,BR,1659622982
Oyama,36.3147,139.8001,72.03,97,100,5.91,JP,1659622983
Puerta Parada,14.563,-90.4787,66.11,81,75,16.11,GT,1659622983
Yanam,16.7334,82.2145,79.2,87,67,4.38,IN,1659622984
Siedlung Waldidyll,52.5874,13.279,101.21,24,100,1.99,DE,1659622984
Urzhar,47.0992,81.6348,73.53,52,93,2.93,KZ,1659622985
Hambantota,6.1249,81.1243,79.83,75,100,19.6,LK,1659622986
Sant'Antonino di Susa,45.107,7.2736,96.33,43,64,3.22,IT,1659622986
Villa Comaltitlán,15.1736,-92.5521,80.6,69,5,0.34,MX,1659622987
Mehamn,71.035,27.8517,65.95,79,93,12.3,NO,1659622987
Bathsheba,13.2129,-59.5227,88.2,78,40,21.85,BB,1659622988
Te Anau,-45.4145,167.7175,51.93,94,100,8.1,NZ,1659622989
Dagua,3.6582,-76.6894,72.1,87,72,1.79,CO,1659622990
Beloha,-25.1739,45.0615,77.14,41,74,2.71,MG,1659622990
Hudson,50.1135,-92.1962,61.05,58,22,4.54,CA,1659622991
Grand Gaube,-20.0086,57.6644,72.0,68,3,7.0,MU,1659622991
Khovd,48.0006,91.6452,75.07,29,50,9.37,MN,1659622992
Dwārka,22.2471,68.9742,84.04,72,100,7.96,IN,1659622993
Ofanleiti,63.427,-20.2693,52.47,61,86,18.1,IS,1659622993
Caucayá,-0.195,-74.7807,78.06,82,66,3.31,CO,1659622994
Havøysund,70.9963,24.6607,61.03,90,98,16.87,NO,1659622995
Isafjordur,66.1576,-23.2507,49.95,76,20,10.36,IS,1659622995
Lompoc,34.6392,-120.4579,61.52,92,100,3.44,US,1659622990
Keetmanshoop,-26.5817,18.1365,72.32,24,0,4.72,NA,1659622996
Agüimes,27.905,-15.4445,79.66,61,20,34.52,ES,1659622997
Whitehorse,60.7216,-135.0549,54.81,97,75,3.44,CA,1659622997
La Ligua,-32.4496,-71.2317,56.48,66,0,2.59,CL,1659622998
Tananger,58.8821,5.3563,59.09,85,75,11.5,NO,1659622999
Gerede,40.7988,32.2009,73.51,62,50,7.31,TR,1659622999
Tomatlán,19.943,-105.2465,79.02,78,57,3.02,MX,1659623000
Preeceville,51.9542,-102.6682,59.97,80,80,12.59,CA,1659623001
Uibaí,-11.0795,-42.1315,81.68,30,6,10.78,BR,1659623001
Bengkulu,-3.7923,102.2624,75.78,90,100,3.94,ID,1659623002
Lüneburg,53.2487,10.4079,95.58,30,61,6.15,DE,1659623002
Kalininsk,51.4999,44.4846,84.9,34,81,8.52,RU,1659623003
Kavaratti,10.5672,72.6395,77.43,86,100,32.75,IN,1659623004
Ntcheu,-14.8179,34.6384,73.96,34,44,6.73,MW,1659623004
Srednekolymsk,67.4555,153.7071,48.34,83,100,8.1,RU,1659623005
Sokoto,13.0611,5.2373,87.91,54,65,8.03,NG,1659623006
Cortez,37.3495,-108.5841,72.68,63,0,3.44,US,1659623006
Chirongui,-12.9357,45.1495,78.6,72,6,10.98,YT,1659623007
Sechura,-5.5575,-80.8223,66.49,73,55,11.25,PE,1659623007
Kakandetta,-8.7667,148.2375,72.72,96,53,2.8,PG,1659623008
Palmar Chico,18.622,-100.3485,68.04,91,53,1.52,MX,1659623008
Rudnik,69.7522,61.6623,51.73,83,100,20.11,RU,1659623009
Behbahān,30.5942,50.2434,105.03,20,100,9.28,IR,1659623010
Pimentel,39.4855,9.0655,95.27,20,20,14.97,IT,1659623010
Wanning,18.7961,110.3873,79.3,88,100,2.01,CN,1659623011
Bariloche,-41.1334,-71.3098,37.96,65,75,11.5,AR,1659623012
Namatanai,-3.6642,152.4407,79.12,82,90,8.37,PG,1659623012
Shimoda,34.6795,138.9454,74.98,92,100,5.17,JP,1659623013
Melilla,35.2929,-2.9507,89.71,66,40,9.22,ES,1659623013
Aloleng,16.1235,119.7807,81.37,81,100,4.72,PH,1659623014
Radovnica,42.4367,22.311,75.72,29,66,5.5,RS,1659623015
Broughton,45.9235,-59.9643,79.23,85,88,3.0,CA,1659623015
Tarko-Sale,64.922,77.7795,75.31,42,17,6.62,RU,1659623016
Alpena,45.0617,-83.4328,74.17,75,0,6.91,US,1659623016
Mount Isa,-20.729,139.4932,67.86,60,81,0.0,AU,1659623017
Umeå,63.8257,20.2631,68.0,77,0,13.8,SE,1659623018
Ilebo,-4.3316,20.5883,97.95,22,69,2.44,CD,1659623018
Two Boats Village,-7.9411,-14.3631,78.04,61,20,14.97,SH,1659623019
Meulaboh,4.1482,96.1339,79.23,75,100,3.62,ID,1659623019
Athabasca,54.7215,-113.2858,57.9,98,100,11.25,CA,1659623020
Vytegra,61.0064,36.4511,78.8,41,7,4.09,RU,1659623021
Talnakh,69.494,88.3908,64.58,70,100,3.29,RU,1659623021
Ash Shawāshinah,29.1403,21.2975,98.42,17,0,14.05,LY,1659623022
Niort,46.3241,-0.4649,97.23,24,19,9.17,FR,1659623023
Ilhabela,-23.8166,-45.3687,77.34,64,67,5.17,BR,1659623023
Puerto Morazán,12.8508,-87.172,79.57,75,99,3.76,NI,1659623024
Ixtapa,16.8033,-92.9054,65.8,69,0,1.45,MX,1659623025
Batemans Bay,-35.7072,150.1783,57.18,74,12,6.04,AU,1659623025
Mount Gambier,-37.8247,140.782,52.0,87,75,21.85,AU,1659623026
Serui,-1.1836,136.0816,78.87,79,100,4.74,ID,1659623026
Coyhaique,-45.5712,-72.0685,39.45,70,40,4.61,CL,1659623027
Le Champ-près-Froges,45.2942,5.9473,104.7,47,80,4.43,FR,1659623028
Abqaiq,25.9356,49.6683,110.01,20,57,18.25,SA,1659623028
Prabumulih,-3.2874,104.193,75.02,96,100,3.22,ID,1659623029
West Arnhem,-12.6738,132.8366,73.89,78,30,4.34,AU,1659622924
Ishigaki,24.3383,124.1578,84.43,84,40,8.05,JP,1659623030
Nemuro,43.3301,145.5829,58.19,87,92,9.44,JP,1659623030
Malanje,-9.5484,16.3475,89.13,24,59,5.32,AO,1659623031
Karratha,-20.737,116.8479,68.63,34,4,13.02,AU,1659623032
Cimişlia,46.5215,28.7833,73.54,46,100,12.21,MD,1659623033
Cerreto d'Esi,43.3206,12.9455,96.26,32,0,13.4,IT,1659623033
Abong Mbang,3.8544,12.8694,86.31,41,82,2.28,CM,1659623034
Nago,26.5915,127.9773,82.74,82,88,5.82,JP,1659623035
Badulla,6.9899,81.0571,71.6,83,100,3.71,LK,1659623035
Aykhal,65.9516,111.4918,41.83,97,100,16.04,RU,1659623036
Weragampita,5.9478,80.5483,77.85,84,100,14.07,LK,1659623037
Metković,43.0536,17.652,100.87,29,1,11.68,HR,1659623037
Aklavik,68.2183,-135.0136,53.6,100,40,3.44,CA,1659623038
Evensk,61.9192,159.2359,52.86,98,100,7.36,RU,1659623038
Rosarito,32.3648,-117.0556,70.0,81,39,5.59,MX,1659623039
Vilyuysk,63.7541,121.6265,61.77,51,99,9.89,RU,1659623040
Nianzishan,47.5148,122.8809,70.68,99,100,4.41,CN,1659623040
Anapskaya,44.9003,37.3832,82.65,61,20,8.95,RU,1659623041
Dongying,37.4335,118.6689,89.98,62,64,4.9,CN,1659623041
Annau,37.9022,58.5045,94.69,17,75,6.91,TM,1659623042
Mayo,63.5927,-135.8961,55.4,76,75,2.3,CA,1659623043
Geraldton,-28.7704,114.6147,53.76,87,75,5.75,AU,1659623043
Grande Rivière Sud Est,-20.2907,57.7852,72.1,73,40,11.5,MU,1659623044
Adrar,27.8734,-0.2875,115.02,9,0,4.61,DZ,1659623045
Port Augusta,-32.4909,137.764,50.9,68,4,6.82,AU,1659623045
Pucallpa,-8.3821,-74.5388,76.98,94,75,0.0,PE,1659623046
Zhigansk,66.7656,123.3741,50.72,55,93,19.48,RU,1659623046
Anchorage,61.22,-149.89,55.98,86,40,4.61,US,1659622593
Kayes,14.4434,-11.4379,88.54,55,60,1.54,ML,1659623047
Minas de Marcona,-15.2155,-75.083,53.28,78,64,13.27,PE,1659623048
Oranjemund,-28.5519,16.4284,57.7,72,0,13.71,NA,1659623049
Voh,-20.95,164.6872,70.45,92,6,4.12,NC,1659623049
Municipio de Champerico,14.2937,-91.9118,81.16,81,68,4.23,GT,1659623050
Maqat,47.6472,53.3505,93.11,20,32,12.03,KZ,1659623051
Pinckney,42.4348,-83.9849,75.31,97,100,7.72,US,1659623051
Piteå,65.3135,21.4899,62.71,58,100,8.59,SE,1659623052
Tanzania,-6.0989,34.9561,80.78,27,77,5.41,TZ,1659623052
Aquiraz,-3.9063,-38.3875,85.33,68,53,10.69,BR,1659623053
Hasaki,35.753,140.8201,72.28,94,100,13.56,JP,1659623054
Igarka,67.4566,86.5308,65.39,62,67,3.36,RU,1659623054
Wuhai,39.6898,106.8204,92.21,34,91,7.09,CN,1659623055
Banda Aceh,5.5528,95.3193,80.31,76,100,11.63,ID,1659623055
Victoria,48.4283,-123.365,59.77,77,75,25.32,CA,1659622802
Mezen',65.844,44.2441,73.62,44,86,10.4,RU,1659623057
Sørland,67.666,12.6919,58.86,76,75,14.97,NO,1659623057
Dolores,38.1392,-0.7693,97.81,44,0,5.99,ES,1659623058
Kitimat,54.0536,-128.6541,53.98,27,100,1.1,CA,1659623059
Muros,40.6781,8.6173,84.65,42,18,10.45,IT,1659623059
Kholtoson,50.2954,103.3145,58.33,88,96,1.9,RU,1659623060
Tuatapere,-46.1323,167.6908,54.0,85,100,7.99,NZ,1659623060
Måløy,61.9875,5.1352,54.86,70,100,11.72,NO,1659623061
Kinkala,-4.3566,14.7588,93.02,30,28,7.02,CG,1659623062
Muli,3.4719,73.5475,80.83,79,100,18.01,MV,1659623062
Stromness,58.9614,-3.2994,57.13,78,87,13.0,GB,1659623063
Colac,-38.34,143.5859,51.08,70,47,16.42,AU,1659623063
São Filipe,14.8953,-24.4969,77.77,82,99,5.26,CV,1659623064
Hentiesbaai,-22.113,14.2882,59.68,79,18,14.34,NA,1659623065
Markala,13.6778,-6.1585,91.04,46,90,7.02,ML,1659623065
Huntsville,34.7298,-86.5859,82.81,76,40,8.05,US,1659622599
Provideniya,64.4238,-173.2275,49.3,90,100,11.45,RU,1659623066
Gravdal,68.1189,13.5593,57.42,72,75,17.27,NO,1659623067
Vanavara,60.3452,102.2809,51.89,90,73,3.91,RU,1659623067
Obuasi,6.2115,-1.6894,75.25,71,100,4.27,GH,1659623068
Houma,29.5958,-90.7195,86.0,86,0,0.0,US,1659623069
Terrace,54.5173,-128.5995,53.51,93,75,9.22,CA,1659623069
Porteirinha,-15.7421,-43.0286,82.6,28,38,6.49,BR,1659623070
Meadow Lake,54.1303,-108.4351,58.98,94,100,11.5,CA,1659623070
Rabo de Peixe,37.7943,-25.5833,76.28,83,40,11.5,PT,1659623071
Sabang,5.8927,95.3226,83.03,76,99,17.49,ID,1659623072
Rāmpur,31.5477,77.5357,61.81,95,94,0.89,IN,1659623072
Hirara,24.8032,125.303,85.08,74,77,11.92,JP,1659623073
Kupang,-10.1632,123.6018,72.34,83,63,7.45,ID,1659623074
Pavelets,53.8761,39.1723,80.37,49,100,5.86,RU,1659623074
Kahului,20.8894,-156.4727,76.78,68,0,3.0,US,1659623075
Orissaare vald,58.4681,23.0059,77.9,58,35,9.04,EE,1659623076
Berlevåg,70.799,29.1505,62.01,63,75,10.36,NO,1659623076
São Gotardo,-19.3169,-46.0477,77.18,33,98,7.76,BR,1659623077
Paita,-5.091,-81.1061,65.57,76,25,11.81,PE,1659623077
Makaha,21.4729,-158.2107,74.32,78,0,4.92,US,1659623078
Ambodifotatra,-16.9996,49.8526,72.55,73,22,14.97,MG,1659623079
Bra,44.6977,7.8543,97.84,34,0,6.85,IT,1659623079
Belaya Gora,68.537,146.1873,45.09,66,89,1.16,RU,1659623080
Tolaga Bay,-37.892,178.3188,48.52,91,0,3.06,NZ,1659623081
Hughenden,-20.8629,144.2526,74.88,55,0,3.89,AU,1659623081
Pokhara,28.2095,83.9914,74.68,94,83,0.81,NP,1659623082
Thanh Hoa,19.8117,105.7746,81.18,88,99,3.85,VN,1659623082
Adré,13.4665,22.1977,83.77,54,87,13.8,TD,1659623083
Lower Juba,0.5149,42.073,86.2,37,89,19.6,SO,1659623084
Kars,40.6077,43.0948,82.85,30,40,10.36,TR,1659623084
Daru,-9.0699,143.21,78.19,90,87,11.99,PG,1659623085
Mazamitla,19.9163,-103.02,57.7,91,57,0.78,MX,1659623085
Kamojimachō-jōgejima,34.0718,134.3566,84.02,80,0,6.51,JP,1659623086
Kampene,-3.5943,26.6683,92.53,24,55,3.09,CD,1659623087
Labuan,5.277,115.2434,79.16,94,40,0.0,MY,1659623087
Chanute,37.6792,-95.4572,77.45,88,75,12.66,US,1659622635
Kangaba,11.681,-8.2387,78.62,75,100,6.71,ML,1659623088
Soligalich,59.0778,42.2862,72.41,72,100,1.68,RU,1659623089
Ouro Preto do Oeste,-10.7167,-62.2602,89.44,43,87,3.96,BR,1659623089
Sambava,-14.255,50.1557,70.93,81,56,11.54,MG,1659623090
Cayenne,4.9371,-52.3258,87.82,11,75,6.91,GF,1659622970
Kalmunai,7.4132,81.8269,82.98,63,100,11.68,LK,1659623091
Lüderitz,-26.65,15.1573,61.81,67,0,17.74,NA,1659623092
Chake Chake,-5.244,39.7685,77.52,63,1,11.9,TZ,1659623092
Byron Bay,-28.6483,153.6178,62.94,89,24,16.91,AU,1659623093
Nome,64.5011,-165.4064,55.47,94,100,9.22,US,1659623093
Partido de Tigre,-34.4227,-58.5809,47.28,84,100,9.22,AR,1659623094
Mordoviya Republic,54.6207,43.876,79.5,42,62,9.04,RU,1659623095
Tsiombe,-25.3185,45.4841,74.3,59,26,13.15,MG,1659623095
Pangai,-19.8155,-174.3541,76.95,77,100,18.07,TO,1659623096
Senanga,-16.1041,23.3018,88.25,14,0,7.07,ZM,1659623097
Puerto Rico,18.2214,-66.4133,80.37,63,100,8.5,PR,1659623097
Omoku,5.341,6.4928,82.09,63,95,5.44,NG,1659623098
Yendi,9.4466,-0.0035,77.76,85,100,6.58,GH,1659623099
Río Grande,-53.7857,-67.7016,37.44,100,100,6.91,AR,1659623099
Olho d’Agua,-2.9225,-39.9152,85.33,53,20,14.25,BR,1659623100
To`rtko`l Shahri,41.5544,61.0002,93.29,17,100,13.44,UZ,1659623100
Mariehamn,60.1024,19.9413,71.49,73,0,13.8,AX,1659623101
Thākurganj,26.4276,88.13,81.41,87,100,2.33,IN,1659623102
Nortelândia,-14.4519,-56.8044,93.96,19,5,5.39,BR,1659623102
Sakrand,26.136,68.2735,94.95,52,20,6.91,PK,1659623103
Nanga Eboko,4.6666,12.3731,79.84,62,98,2.75,CM,1659623103
Esil,51.9602,66.4089,75.33,41,16,12.55,KZ,1659623104
Tabas,33.596,56.9247,104.22,11,0,6.91,IR,1659623105
Lorengau,-2.033,147.2789,81.41,81,100,7.87,PG,1659623106
Nola,40.9211,14.5327,92.39,44,26,8.01,IT,1659623106
West Lincoln,40.8089,-96.7078,76.24,72,0,8.05,US,1659623107
Taltal,-25.4078,-70.4858,64.18,51,60,4.92,CL,1659623107
Ammāpettai,10.7425,79.3562,78.94,82,100,8.21,IN,1659623108
Abangay,10.9802,122.6402,76.19,95,100,5.17,PH,1659623109
Razdol’noye,43.5889,39.7737,80.89,67,1,9.93,RU,1659623109
Belo Oriente,-19.2233,-42.4807,71.42,44,9,4.88,BR,1659623110
Republic of South Sudan,4.7942,31.6471,84.34,60,84,3.38,SS,1659623111
Channel-Port aux Basques,47.5949,-59.1325,67.19,77,100,6.42,CA,1659623111
Virden,49.8485,-100.9323,63.48,62,9,12.06,CA,1659623112
Vung Tau,10.3486,107.0765,80.56,84,100,15.12,VN,1659623112
Sālūmbar,24.139,74.0462,83.37,78,100,1.5,IN,1659623113
Kushima,31.465,131.2283,78.96,92,6,5.66,JP,1659623114
Alice Springs,-23.6984,133.8813,58.55,63,40,5.75,AU,1659623114
Newcastle upon Tyne,54.9738,-1.6132,70.27,45,20,16.11,GB,1659623115
Kloulklubed,7.0415,134.2565,73.72,71,100,11.77,PW,1659623115
Qui Nhon,13.7704,109.2327,81.82,77,68,2.95,VN,1659623116
Togur,58.3583,82.8297,62.24,66,29,6.6,RU,1659623117
Maragogi,-9.0118,-35.2225,79.29,71,27,14.12,BR,1659623118
La Victoria,1.807,-75.8885,72.01,75,53,1.83,CO,1659623118
Klyuchi,56.3182,160.8422,56.75,78,98,3.98,RU,1659623119
Quito,-0.2202,-78.5123,56.03,72,75,3.44,EC,1659623119
Manoel Urbano,-8.8388,-69.2619,81.05,75,100,1.48,BR,1659623120
Salamanca,40.9652,-5.664,95.61,12,0,15.01,ES,1659623121
Garh Maharaja,30.8335,71.9037,99.82,37,51,4.81,PK,1659623121
Kul'dur,49.2025,131.6249,67.62,97,100,3.96,RU,1659623122
Gemeente Veere,51.5564,3.5773,80.02,64,0,11.5,NL,1659623123
Okhotsk,59.3644,143.2411,57.56,96,99,5.1,RU,1659623123
Rawson,-43.2991,-65.1057,46.15,46,52,25.39,AR,1659623124
Ayutla de los Libres,16.9875,-99.2589,73.4,86,0,3.33,MX,1659623124
Payakumbuh,-0.225,100.6318,71.2,95,100,2.82,ID,1659623125
Imeni Tsyurupy,55.5204,38.7063,85.95,46,100,6.64,RU,1659623126
Mataram,-8.5838,116.1069,74.52,85,30,8.41,ID,1659623126
Lagos,6.4551,3.3942,84.43,65,75,6.91,NG,1659623127
Anloga,5.7936,0.8985,76.05,75,97,14.61,GH,1659623128
Vanimo,-2.6848,141.3009,78.06,87,100,3.38,PG,1659623128
Cajabamba,-7.6239,-78.0464,58.12,61,68,4.34,PE,1659623129
Karasjok,69.4721,25.5183,60.94,87,100,3.6,NO,1659623130
Tangkak,2.267,102.54,78.71,84,99,3.0,MY,1659623130
Druzhba,52.0477,33.9429,74.17,76,100,10.96,UA,1659623131
Havre-St-Pierre,50.2464,-63.6004,64.71,82,100,4.61,CA,1659623132
Tankhoy,51.5543,105.1152,60.44,84,100,4.56,RU,1659623132
Acaraú,-2.887,-40.1195,85.64,53,18,15.21,BR,1659623133
Majene,-3.5459,118.9607,77.49,78,44,10.0,ID,1659623133
Naivasha,-0.4982,36.3254,64.96,65,100,4.79,KE,1659623134
Tabuk,28.4013,36.567,105.85,15,0,8.05,SA,1659623135
Tablelands,-17.1295,143.9242,69.69,69,6,4.03,AU,1659623135
Boluka,-0.2837,20.8826,90.05,45,55,2.62,CD,1659623136
Umm Kaddadah,13.6002,26.6893,94.68,30,88,7.47,SD,1659623136
Capão da Canoa,-29.7508,-50.0211,63.09,90,100,5.41,BR,1659623137
Novoagansk,61.9459,76.6737,71.65,51,29,2.68,RU,1659623138
Yeppoon,-23.1348,150.7437,60.82,92,1,4.14,AU,1659623138
Nokaneng,-19.6622,22.1901,87.78,15,0,3.67,BW,1659623139
Beira,-19.8287,34.8418,75.22,69,20,12.66,MZ,1659623139
Sorong,-0.8634,131.2545,76.42,91,100,2.62,ID,1659623140
Troutdale,45.5318,-122.3912,60.89,82,100,3.0,US,1659622714
Moutsamoudou,-12.1688,44.3943,75.0,72,8,11.23,KM,1659623141
Gharghoda,22.1674,83.3485,82.89,73,97,3.85,IN,1659623142
Dadamtu,43.9052,81.2748,85.95,23,70,11.68,CN,1659623142
Mogadishu,2.0349,45.3419,77.49,78,52,19.89,SO,1659623143
Muli,2.9221,73.5815,81.27,77,98,15.64,MV,1659623143
Kyotera,-0.6437,31.5333,79.14,42,21,13.58,UG,1659623144
Khor,47.8826,134.9609,68.16,95,2,6.76,RU,1659623145
Smidovich,48.5957,133.8138,68.32,95,70,8.46,RU,1659623145
Volga,42.8046,-91.5411,74.95,71,0,9.66,US,1659623146
Höganäs,56.2,12.5667,89.98,46,98,15.35,SE,1659623147
Mullens,37.5376,-81.3793,77.54,57,0,1.3,US,1659623147
Minna,9.6187,6.5476,82.69,69,40,8.05,NG,1659623148
Sanandij,35.3126,46.9979,98.85,7,0,9.22,IR,1659623148
Guayabal,5.0323,-74.8832,79.63,76,100,1.61,CO,1659623149
Ust'-Kamchatsk,56.24,162.537,56.57,83,62,6.22,RU,1659623150
Plouzané,48.3817,-4.6212,70.03,54,40,11.5,FR,1659623150
